Attempt_ID,Phone_Response,Authorized_User
A001,Unlocked,Yes
A002,Unlocked,No
A003,Denied,Yes
A004,Unlocked,Yes
A005,Denied,No
A006,Unlocked,Yes
A007,Denied,Yes
A008,Denied,No
A009,Unlocked,Yes
A010,Unlocked,Yes
A011,Denied,No
A012,Unlocked,No
A013,Unlocked,Yes
A014,Denied,Yes
A015,Denied,No
A016,Unlocked,Yes
A017,Denied,No
A018,Unlocked,Yes
A019,Denied,No
A020,Unlocked,Yes
A021,Unlocked,Yes
A022,Denied,No
A023,Unlocked,Yes
A024,Unlocked,Yes
A025,Denied,No
A026,Unlocked,No
A027,Unlocked,Yes
A028,Denied,No
A029,Unlocked,Yes
A030,Denied,Yes
A031,Unlocked,Yes
A032,Denied,No
A033,Unlocked,Yes
A034,Unlocked,Yes
A035,Denied,No
A036,Unlocked,No
A037,Unlocked,Yes
A038,Denied,Yes
A039,Denied,No
A040,Unlocked,Yes
A041,Unlocked,Yes
A042,Denied,No
A043,Unlocked,Yes
A044,Unlocked,Yes
A045,Denied,No
A046,Unlocked,No
A047,Unlocked,Yes
A048,Denied,No
A049,Unlocked,Yes
A050,Denied,Yes
A051,Unlocked,Yes
A052,Denied,No
A053,Unlocked,Yes
A054,Unlocked,Yes
A055,Denied,No
A056,Unlocked,No
A057,Unlocked,Yes
A058,Denied,No
A059,Unlocked,Yes
A060,Unlocked,Yes
A061,Denied,No
A062,Unlocked,Yes
A063,Denied,Yes
A064,Denied,No
A065,Unlocked,Yes
A066,Unlocked,Yes
A067,Denied,No
A068,Unlocked,No
A069,Unlocked,Yes
A070,Denied,No
A071,Unlocked,Yes
A072,Unlocked,Yes
A073,Denied,No
A074,Unlocked,Yes
A075,Denied,Yes
A076,Denied,No
A077,Unlocked,Yes
A078,Unlocked,Yes
A079,Denied,No
A080,Unlocked,No
A081,Unlocked,Yes
A082,Denied,No
A083,Unlocked,Yes
A084,Unlocked,Yes
A085,Denied,No
A086,Unlocked,Yes
A087,Denied,Yes
A088,Denied,No
A089,Unlocked,Yes
A090,Unlocked,Yes
A091,Denied,No
A092,Unlocked,No
A093,Unlocked,Yes
A094,Denied,No
A095,Unlocked,Yes
A096,Unlocked,Yes
A097,Denied,No
A098,Unlocked,Yes
A099,Denied,Yes
A100,Denied,No
A101,Unlocked,Yes
A102,Unlocked,Yes
A103,Denied,No
A104,Unlocked,No
A105,Unlocked,Yes
A106,Denied,No
A107,Unlocked,Yes
A108,Unlocked,Yes
A109,Denied,No
A110,Unlocked,Yes
A111,Denied,Yes
A112,Denied,No
A113,Unlocked,Yes
A114,Unlocked,Yes
A115,Denied,No
A116,Unlocked,No
A117,Unlocked,Yes
A118,Denied,No
A119,Unlocked,Yes
A120,Unlocked,Yes
A121,Denied,No
A122,Unlocked,Yes
A123,Denied,Yes
A124,Denied,No
A125,Unlocked,Yes
A126,Unlocked,Yes
A127,Denied,No
A128,Unlocked,No
A129,Unlocked,Yes
A130,Denied,No
A131,Unlocked,Yes
A132,Unlocked,Yes
A133,Denied,No
A134,Unlocked,Yes
A135,Denied,Yes
A136,Denied,No
A137,Unlocked,Yes
A138,Unlocked,Yes
A139,Denied,No
A140,Unlocked,No
A141,Unlocked,Yes
A142,Denied,No
A143,Unlocked,Yes
A144,Unlocked,Yes
A145,Denied,No
A146,Unlocked,Yes
A147,Denied,Yes
A148,Denied,No
A149,Unlocked,Yes
A150,Unlocked,Yes
A151,Denied,No
A152,Unlocked,No
A153,Unlocked,Yes
A154,Denied,No
A155,Unlocked,Yes
A156,Unlocked,Yes
A157,Denied,No
A158,Unlocked,Yes
A159,Denied,Yes
A160,Denied,No
A161,Unlocked,Yes
A162,Unlocked,Yes
A163,Denied,No
A164,Unlocked,No
A165,Unlocked,Yes
A166,Denied,No
A167,Unlocked,Yes
A168,Unlocked,Yes
A169,Denied,No
A170,Unlocked,Yes
A171,Denied,Yes
A172,Denied,No
A173,Unlocked,Yes
A174,Unlocked,Yes
A175,Denied,No
A176,Unlocked,No
A177,Unlocked,Yes
A178,Denied,No
A179,Unlocked,Yes
A180,Unlocked,Yes
A181,Denied,No
A182,Unlocked,Yes
A183,Denied,Yes
A184,Denied,No
A185,Unlocked,Yes
A186,Unlocked,Yes
A187,Denied,No
A188,Unlocked,No
A189,Unlocked,Yes
A190,Denied,No
A191,Unlocked,Yes
A192,Unlocked,Yes
A193,Denied,No
A194,Unlocked,Yes
A195,Denied,Yes
A196,Denied,No
A197,Unlocked,Yes
A198,Unlocked,Yes
A199,Denied,No
A200,Unlocked,Yes